"Dim","R"
2,0.0812448359624436
4,0.0923830123508678
6,0.103829661745603
8,0.114244044621785
10,0.126307180722555
12,0.134124859968821
14,0.143674573103587
16,0.160427614847819
18,0.164569510618846
20,0.178215246200562
22,0.188313434918722
24,0.201574436823527
26,0.217697485287984
28,0.212620035012563
30,0.22713812828064
32,0.231507029533386
34,0.255451842943827
36,0.24962022225062
38,0.261920817693075
40,0.269974591732025
